{"cameraMode":{"drawMode":0,"name":"Shaded","section":"Shading Mode"},"sceneLighting":true,"audioPlay":false,"sceneViewState":{"showFog":true,"showMaterialUpdate":true,"showSkybox":true,"showFlares":true,"showImageEffects":true,"showParticleSystems":true},"in2DMode":false,"pivot":{"x":-53.24408721923828,"y":-16.152799606323243,"z":22.781543731689454},"rotation":{"x":-0.07840388268232346,"y":0.6553073525428772,"z":-0.06863424926996231,"w":-0.7480422258377075},"size":85.98072052001953,"orthographic":false}