{"cameraMode":{"drawMode":0,"name":"Shaded","section":"Shading Mode"},"sceneLighting":true,"audioPlay":false,"sceneViewState":{"showFog":true,"showMaterialUpdate":true,"showSkybox":true,"showFlares":true,"showImageEffects":true,"showParticleSystems":true},"in2DMode":false,"pivot":{"x":-4.587917804718018,"y":13.625612258911133,"z":-18.465076446533204},"rotation":{"x":0.21078519523143769,"y":0.004393065348267555,"z":-0.0009731351747177541,"w":0.9774364233016968},"size":6.8551716804504398,"orthographic":false}